# 格式：<source-basename>	<extra-cflags>
LibcStdio_31	-O2
LibcStdio_32	-O2
LibcStdlib_10	-Os
LibcStdlib_36	-O2
LibcStdlib_37	-O2
LibcStdlib_39	-O2
LibcStdlib_40	-O2
LibcStdlib_7	-Os
LibcString_35	-O2
baseelf_108	-O1
baseelf_110	-O1
baseelf_112	-O1
baseelf_114	-O1
baseelf_139	-O1
baseelf_148	-O2
baseelf_149	-O2
baseelf_16	-O1
baseelf_17	-O1
baseelf_171	-O2
baseelf_186	-O1
baseelf_203	-O2
baseelf_24	-O1
baseelf_27	-Os
baseelf_45	-O1
baseelf_47	-Os
baseelf_64	-O1
baseelf_69	-O1
baseelf_70	-O1
baseelf_73	-Os
baseelf_76	-O1
baseelf_85	-O1
eepatch_15	-Os
eepatch_16	-Os
eepatch_17	-Os
eepatch_18	-Os
eepatch_22	-O2
eetlb_4	-O1
eetty_6	-O3
fileio_10	-O1
fileio_12	-O1
fileio_21	-O1
fileio_25	-O1
fileio_28	-O1
func_00101c1c	-Os
func_00101d8c	-Os
func_00102040	-O2
func_001020d0	-Os
func_0010228c	-O2
func_00102344	-O2
func_0010239c	-O2
func_0010264c	-O1
func_00102668	-O2
func_00102800	-Os
func_00102908	-Os
func_00102b20	-Os
func_00102bb4	-O1
func_0010327c	-O2
func_00103b30	-Os
func_00103b5c	-O1
func_00103b78	-O1
func_0010449c	-Os
func_00104a68	-O1
func_00104a8c	-Os
func_00105670	-Os
func_00107624	-Os
func_00107964	-Os
func_00107e48	-Os
func_00107fa4	-Os
func_00108228	-O2
func_001082a4	-O2
func_00108324	-Os
func_00108660	-Os
func_001090e4	-Os
func_00109794	-Os
func_0010cd64	-Os
func_001127fc	-O1
func_00112810	-O1
func_001128f8	-O1
func_0011290c	-O2
func_00112918	-O2
func_001155f8	-O1
func_00115638	-O2
func_00115788	-Os
func_001157bc	-Os
func_001157f0	-Os
func_00119bf8	-Os
func_0011a848	-Os
func_0011b1a8	-O1
func_0011ed64	-Os
func_0011eddc	-O1
func_0011efb0	-Os
func_0011f388	-O2
func_001227b8	-Os
func_001248a0	-Os
func_0012988c	-Os
func_00129f24	-Os
func_0012a650	-Os
func_0012b654	-O1
func_0012b8ec	-Os
func_0012b940	-Os
func_0012c30c	-Os
func_0012f18c	-Os
func_0012f1e0	-Os
func_0012f234	-Os
func_001302fc	-O1
func_001305b4	-O1
func_001317b8	-Os
func_00132bd4	-O2
func_001352c4	-O2
func_00135320	-O2
func_00135730	-Os
func_001357f4	-Os
func_001358ac	-Os
func_00136ad4	-Os
func_00136b38	-Os
func_00139058	-O2
func_00139464	-Os
func_00139694	-Os
func_0013ae70	-O1
func_0013aea0	-Os
func_0013c6cc	-O2
func_0013c6fc	-O2
func_0013c888	-O2
func_0013c904	-O2
func_0013c9c8	-O2
func_0013c9f8	-O2
func_0013ca28	-O2
func_0013f814	-O1
func_00140bb8	-Os
func_00140c5c	-Os
func_00140d0c	-Os
func_001420e8	-Os
func_00142214	-O1
func_00142d00	-Os
func_0014432c	-O2
func_00144d4c	-O2
func_00145454	-Os
func_001454b8	-Os
func_001457e0	-O1
func_00145d04	-Os
func_00145e6c	-Os
func_00145e98	-Os
func_00146974	-Os
func_001469c0	-Os
func_00146a08	-Os
func_00146da4	-Os
func_00146fd4	-Os
func_00147bdc	-O2
func_00147d80	-Os
func_00147eac	-O1
func_001482f8	-O2
func_00148508	-O2
func_00149104	-Os
func_001495dc	-O1
func_0014a720	-Os
func_0014ab24	-Os
func_0014b224	-Os
func_0014bfc4	-Os
func_0014c098	-O2
func_0014c82c	-Os
func_0014cfc8	-Os
func_0014d0f8	-Os
func_0014d540	-Os
func_0014d5ac	-O2
func_0014e170	-Os
func_0014e3cc	-Os
func_0014e6c4	-Os
func_0014e800	-Os
func_0014e9a8	-Os
func_0014e9f8	-Os
func_0014ea28	-O1
func_0014eaf8	-Os
func_0014eb48	-Os
func_0014ece0	-Os
func_0014f01c	-Os
func_0014f06c	-Os
func_0014f15c	-Os
func_0014f1ac	-Os
func_0014f1e0	-Os
func_0014f260	-Os
func_0014f2b0	-Os
func_0014f408	-Os
func_0014f458	-Os
func_0014fcf4	-Os
func_0014fd4c	-Os
func_0014fd9c	-Os
func_00150bd0	-O2
func_00151a48	-O2
func_00151ae8	-Os
func_001532d4	-O1
func_0015418c	-O2
func_0015478c	-Os
func_00154b20	-Os
func_0015598c	-O2
func_001559e4	-O2
func_00155a24	-O2
func_00155ddc	-Os
func_00156e20	-O2
func_0015761c	-Os
func_00157a10	-O1
func_0015afec	-O2
func_0015b0f8	-Os
func_001609f8	-Os
func_001614a4	-Os
func_00161590	-Os
func_00161658	-Os
func_00165bfc	-O2
func_00166f9c	-Os
func_001679e4	-Os
func_0016a198	-Os
func_0016a4c8	-Os
func_0016d5a4	-Os
func_0016d5e0	-Os
func_0016dfa8	-Os
func_0016e100	-Os
func_00171da0	-O1
func_00174474	-Os
func_00174ce8	-O2
func_00177760	-Os
func_00178d84	-Os
func_0017cc1c	-Os
func_0017e158	-Os
func_0017e6a8	-Os
func_0017e790	-Os
func_0017eb84	-Os
func_00180624	-Os
func_001806cc	-Os
func_00180710	-Os
func_001807b0	-O2
func_00180854	-Os
func_00180ad4	-Os
func_00180af0	-Os
func_00180c54	-Os
func_00180ca4	-Os
func_00180cec	-Os
func_00180e8c	-Os
func_00180ef8	-Os
func_00180f94	-O2
func_00181fac	-Os
func_00182344	-Os
func_00182550	-Os
func_00182634	-Os
func_00184c10	-O2
func_00185734	-O1
func_00185840	-O1
func_00185d60	-Os
func_00185da8	-Os
func_00185df0	-Os
func_00185fa0	-Os
func_0018c41c	-Os
func_0018c6d0	-Os
func_0018c784	-O2
func_0018cf14	-O2
func_0018d004	-Os
func_0018d274	-Os
func_0018d2ec	-Os
func_0018d334	-Os
func_0018d7e8	-Os
func_0018d83c	-Os
func_0018d958	-O1
func_0018d9e0	-O1
func_0018da88	-O2
func_0018dc74	-O2
func_0018e870	-Os
func_0018e9e0	-Os
func_0018eb74	-Os
func_0018ef6c	-Os
func_0018f090	-O2
func_0018f0f0	-Os
func_0018f5f4	-O1
func_0018f82c	-Os
func_0018f9cc	-Os
func_0018fa54	-Os
func_0018fca0	-Os
func_0018fd58	-Os
func_0019008c	-Os
func_001900d4	-Os
func_001900f8	-Os
func_00190144	-Os
func_00190408	-Os
func_00191860	-Os
func_001919e4	-O1
func_00191a08	-Os
func_00191ae0	-Os
func_00191bb4	-O2
func_00191d5c	-Os
func_00191d88	-Os
func_00191db8	-Os
func_00191f38	-Os
func_00191f7c	-Os
func_00192004	-Os
func_001920d4	-O1
func_00192194	-O1
func_001921cc	-O1
func_00192204	-O1
func_00192244	-Os
func_00192310	-O1
func_00192550	-Os
func_00192834	-Os
func_0019288c	-O1
func_001928a8	-Os
func_001928d8	-Os
func_00192970	-Os
func_0019298c	-Os
func_001929a8	-Os
func_00192af0	-Os
func_00192c20	-Os
func_00192f0c	-Os
func_00193074	-Os
func_001930e4	-Os
func_00193114	-Os
func_001931a0	-O1
func_001931c4	-O1
func_001931e8	-O1
func_001934a8	-O2
func_001934c8	-O2
func_00193b38	-Os
func_00193b94	-O1
func_00193c04	-Os
func_00193d28	-Os
func_00193e54	-O2
func_0019470c	-O2
func_0019476c	-O2
func_00194b50	-Os
func_0019bf14	-Os
func_0019c2e8	-Os
func_0019c73c	-O2
func_0019ea50	-O2
func_0019eaa4	-O2
func_0019eaf8	-O2
func_0019ef18	-O2
func_0019ef4c	-Os
func_0019f208	-O2
func_0019f260	-Os
func_0019f5b8	-O1
func_0019fab4	-O2
func_001a0188	-O1
func_001a09b4	-O1
func_001a103c	-Os
func_001a1c4c	-O2
func_001a1db4	-Os
func_001a2e9c	-O1
func_001a2ec4	-Os
func_001a302c	-O1
func_001a30f8	-O1
func_001a39c4	-Os
func_001a3e10	-Os
func_001a3e9c	-Os
func_001a4d8c	-O2
func_001a4e00	-O2
func_001a4e38	-O2
func_001a5024	-O2
func_001a5130	-O2
func_001a513c	-O2
func_001a5798	-O1
func_001a57e0	-O1
func_001a62ac	-O1
func_001a62d0	-O1
func_001ab8b8	-O2
func_001ab9a8	-O2
func_001abc5c	-Os
func_001b04b0	-Os
func_001b0cac	-Os
func_001b0d10	-Os
func_001b5354	-Os
func_001b53dc	-Os
func_001b5418	-O2
func_001b5a2c	-O2
func_001b5a70	-Os
func_001b5ad4	-O2
func_001b5c60	-Os
func_001b5f50	-Os
func_001b5f8c	-Os
func_001b5ff8	-Os
func_001b6080	-Os
func_001b9a68	-Os
func_001b9af0	-Os
func_001b9d3c	-Os
func_001ba13c	-O1
func_001c936c	-Os
func_001cba78	-Os
func_001cbaa0	-Os
func_001cbac8	-Os
func_001cbd38	-Os
func_001cbd80	-Os
func_001cbe58	-Os
func_001cca90	-O1
func_001ccaa8	-Os
func_001ccb54	-Os
func_001cea74	-Os
func_001ceac4	-Os
func_001d0ff0	-Os
func_001d1204	-Os
func_001d1d9c	-Os
func_001d2a40	-O2
func_001d6338	-O1
func_001d6704	-Os
func_001d70cc	-Os
func_001d7154	-Os
func_001d71a4	-Os
func_001d7614	-Os
func_001d79b8	-O2
func_001d7aac	-Os
func_001d7eec	-Os
func_001d7f74	-Os
func_001d8458	-O1
func_001d85f8	-Os
func_001d8644	-O2
func_001d865c	-O1
func_001d8678	-Os
func_001d8694	-Os
func_001d8704	-Os
func_001d87b0	-O1
func_001d936c	-Os
func_001d9628	-O1
func_001da5f8	-Os
func_001da82c	-Os
func_001da848	-O1
func_001daaf0	-Os
func_001db940	-O1
func_001de6e0	-Os
func_001de94c	-Os
func_001deb30	-Os
func_001deec4	-Os
func_001dfb10	-Os
func_001dfc10	-Os
func_001dfc80	-Os
func_001dfce4	-Os
func_001e0274	-O2
func_001e02c0	-Os
func_001e032c	-Os
func_001e06d4	-O1
func_001e1010	-O1
func_001e10c8	-O1
func_001e136c	-O1
func_001e1398	-O1
func_001e13bc	-O1
func_001e17c0	-O1
func_001e17fc	-O1
func_001e1840	-O1
func_001e1c00	-O1
func_001e29a0	-O1
func_001e29f4	-O1
func_001e2b88	-O1
func_001e2bb4	-O1
func_001e2d78	-O1
func_001e30f0	-O1
func_001e32a0	-O1
func_001e32bc	-O1
func_001e3374	-O1
func_001e36c0	-O1
func_001e3cc0	-O1
func_001e3ce0	-O1
func_001e3cfc	-O1
func_001e3d28	-O1
func_001e3d5c	-O1
func_001e3da8	-O1
func_001e3e64	-O1
func_001e3e88	-O1
func_001e41f8	-O1
func_001e4248	-O1
func_001e42e0	-O1
func_001e45f0	-O1
func_001e4738	-O1
func_001e5508	-O1
func_001e552c	-O1
func_001e5660	-O1
func_001e5704	-O1
func_001e5848	-O1
func_001e5868	-O1
func_001e5894	-O1
func_001e594c	-O1
func_001e5e38	-O1
func_001e6368	-O1
func_001e65dc	-O1
func_001e6634	-O1
func_001e675c	-O1
func_001e69dc	-O1
func_001e6a48	-O1
func_001e7fa4	-O1
func_001e80c4	-O1
func_001e820c	-O1
func_001e835c	-O1
func_001e85dc	-O1
func_001e8648	-O1
func_001e866c	-O1
func_001e8694	-O1
func_001e86b8	-O1
func_001e88f0	-O1
func_001e898c	-O1
func_001e89bc	-O1
func_001e8c34	-O1
func_001e8d80	-O1
func_001e8dbc	-O1
func_001e8df4	-O1
func_001e9064	-O1
func_001e9900	-O1
func_001e9b50	-O1
func_001e9c04	-O1
func_001e9f1c	-O1
func_001e9f40	-O1
func_001e9ffc	-Os
func_001ea3f8	-O2
func_001ea420	-O2
func_001ea6b8	-O1
func_001ea8a0	-O1
func_001ea9c8	-O2
func_001ea9f0	-O1
func_001eab4c	-O1
func_001eab94	-O1
func_001eaf2c	-O1
func_001eaf64	-O2
func_001eb014	-O1
func_001eb068	-O1
func_001eb154	-O1
func_001eb318	-O1
func_001eb554	-O1
func_001eb89c	-O1
func_001ec3d0	-O1
func_001ec3f0	-O1
func_001ec418	-O1
func_001ec4a0	-O2
func_001ec4ac	-O1
func_001ec4c4	-O1
func_001ec50c	-O1
func_001ec55c	-O1
func_001ec578	-O1
func_001ec718	-O1
func_001ec8b0	-O1
func_001ec954	-O1
func_001ed000	-O1
func_001ed75c	-O1
func_001ed7ac	-O1
func_001edc00	-O1
func_001edc94	-O1
func_001edcfc	-O1
func_001ee000	-O1
func_001ee66c	-O1
func_001eecbc	-O1
func_001ef160	-O1
func_001ef1b4	-O1
func_001ef628	-O1
func_001efbc4	-O1
func_001effc4	-O1
func_001f0014	-O1
func_001f0070	-O1
func_001f00a8	-O1
func_001f00dc	-O1
func_001f04ac	-O1
func_001f04d8	-O1
func_001f05a4	-O1
func_001f063c	-O1
func_001f0c24	-O1
func_001f31a8	-O1
func_001f31f0	-O1
func_001f3328	-O1
func_001f3c90	-O1
func_001f3cb0	-O1
func_001f3cdc	-O1
func_001f3d48	-O1
func_001f3d5c	-O1
func_001f4704	-O1
func_001f4d04	-O1
func_001f4d7c	-O1
func_001f4dcc	-O1
func_001f52dc	-O1
func_001f53f4	-O1
func_001f5508	-O1
func_001f5558	-O1
func_001f5b10	-O1
func_001f5b84	-O1
func_001f5ba8	-O1
func_001f6204	-O1
func_001f6b34	-O1
func_001f6c3c	-O1
func_001f6c84	-O1
func_001f722c	-O1
func_001f72d0	-O1
func_001f7364	-O1
func_001f7844	-O1
func_001f791c	-O1
func_001f79fc	-O1
func_001f8360	-O1
func_001f83ec	-O1
func_001f86f0	-O1
func_001f8718	-O1
func_001f8a48	-O1
func_001f98f8	-O1
func_001f9958	-O1
func_001f99cc	-O1
func_001fa154	-O1
func_001faa9c	-O1
func_001faab8	-O1
func_001faadc	-O1
func_001faaf8	-O1
func_001fab38	-O1
func_001fab54	-O1
func_001fab70	-O1
func_001fad64	-O1
func_001faed4	-O1
func_001fafc8	-O1
func_001fcd34	-O1
func_001fcd78	-O1
func_001fe224	-O1
func_002008f0	-O1
func_00200c5c	-O1
func_00200d94	-O1
func_00200f78	-O1
func_002038bc	-O1
func_00203900	-O1
func_00203960	-O1
func_00203fe0	-O1
func_002042dc	-O1
func_00204888	-O1
func_002048d8	-O1
func_00204fa8	-O1
func_002051f4	-O1
func_00205294	-O1
func_002052d4	-O1
func_002053f8	-O1
func_00205420	-O1
func_0020543c	-O1
func_002054a8	-O1
func_002054f0	-O1
func_002055ac	-O1
func_002055c8	-O1
func_002055e4	-O1
func_00205600	-O1
func_00205858	-O1
func_002059f4	-O1
func_00205b9c	-O1
func_00205bf4	-O1
func_00205c28	-O1
func_00205c5c	-O1
func_00205cf8	-O1
func_00205d40	-O1
func_00206168	-O1
func_002065fc	-O1
func_00206708	-O1
func_002075f4	-O1
func_0020867c	-O1
func_00208764	-O1
func_002087e8	-O1
func_00209010	-O1
func_00209080	-O1
func_002091ec	-O1
func_002092d4	-O1
func_002094c4	-O1
func_00209940	-O1
func_00209998	-O1
func_0021b394	-O1
func_0021b3b0	-O1
func_0021b4c4	-O1
func_0021b530	-O1
func_0021b87c	-O1
func_0021c374	-O1
func_0021d5f8	-O1
func_0021d8b4	-O1
func_0021da88	-O1
func_0021dabc	-O1
func_0021e0e8	-O1
func_0021ea00	-O1
func_0021f664	-O1
func_0021f6a4	-O1
func_0021f6d0	-O1
func_0021f6f4	-O1
func_0021f730	-O1
func_0021f750	-O1
func_0021f76c	-O1
func_0021f924	-O1
func_0021f998	-O1
func_0021f9d4	-O1
func_0021fa60	-O1
func_0022001c	-O1
func_002201bc	-O1
func_0022021c	-O1
func_00220448	-O1
func_0022047c	-O1
func_002204b4	-O1
func_00220648	-O1
func_002206a0	-O1
func_00220714	-O1
func_002215e0	-O1
func_00221708	-O1
func_00221748	-O1
func_002217ac	-O1
func_00221808	-O1
func_00221930	-O1
func_00221954	-O1
func_002219b8	-O1
func_002219fc	-O1
func_00221a40	-O1
func_00221a94	-O1
func_00221af8	-O1
func_00221e3c	-O1
func_00222400	-O1
func_00222518	-O1
func_00222ab0	-O1
func_00222acc	-O1
func_00222b10	-O1
func_00222b4c	-O1
func_00222fa8	-O1
func_00222fd4	-O2
func_00223960	-O1
func_0022399c	-O1
func_0022464c	-O2
func_0022466c	-O1
func_00224bf0	-O1
func_002252c0	-O1
func_002254e0	-O1
func_00225560	-O1
func_0022557c	-O1
func_0022576c	-O1
func_002259fc	-O1
func_00225bd4	-O1
func_00225da0	-O1
func_00225e34	-O1
func_002260f0	-O1
func_00226128	-O1
func_002261cc	-O1
func_00226594	-O1
func_002265a8	-O1
func_0022690c	-O1
func_00226958	-O1
func_00226ed8	-O1
func_00226f1c	-O1
func_00228a5c	-O1
func_00229700	-O1
func_00229748	-O1
func_00229770	-O1
func_0022af74	-O1
func_0022b024	-O1
func_0022b96c	-O1
func_0022b9ac	-O1
func_0022ba24	-O1
func_0022cc9c	-O1
func_0022cd14	-O1
func_0022d434	-O1
func_0022d544	-O1
func_0022d5a4	-O1
func_0022d5d0	-O1
func_0022e4b0	-O1
func_0022f220	-O1
func_0022f4ac	-O1
func_0022fab0	-O1
func_0022fac0	-O1
func_0022fb10	-O1
func_0022fb3c	-O1
func_0022fb68	-O1
func_0022fb94	-O1
func_0022fbc0	-O1
func_0022fbec	-O1
func_0022fc18	-O1
func_00230404	-O1
func_00230428	-O1
func_00230444	-O1
func_00230af8	-O1
func_00230b70	-O1
func_00230bb4	-O1
func_00230c40	-O1
func_00230e0c	-O1
func_00232310	-O1
func_00232da4	-O1
func_00232fb0	-O1
func_0023300c	-O1
func_0023323c	-O1
func_00233d88	-O1
func_00234510	-O1
func_002345c8	-O1
func_002346b8	-O1
func_00234c5c	-O1
func_00234cd8	-O1
func_00234d04	-O1
func_00234e64	-Os
func_00234e88	-O2
func_002356ac	-O1
func_0023581c	-Os
func_002358d8	-O1
func_00235934	-Os
func_002359a0	-Os
func_00235b80	-O1
func_00235b9c	-Os
func_00235cb0	-O1
func_00235ccc	-O1
func_00235ce8	-O1
func_00235d04	-Os
func_00235ec8	-Os
func_00235ee4	-O1
func_00235f00	-O1
func_00235f1c	-Os
func_00236028	-Os
func_002360dc	-Os
func_00236110	-Os
func_00236144	-Os
func_00236178	-Os
func_002361fc	-Os
func_00236218	-O1
func_00236234	-Os
func_002362a0	-O2
func_002362f8	-O1
func_00236350	-Os
func_00236468	-Os
func_0023697c	-Os
func_0023708c	-Os
func_00237540	-Os
func_00237874	-Os
func_00237d34	-Os
func_0023809c	-O2
func_002380ec	-O2
func_00238120	-O2
func_002381b0	-O2
func_00238224	-O2
func_0023874c	-O2
func_00238d04	-O2
func_00238eec	-O2
func_00239154	-O2
func_00239584	-Os
func_00239604	-O2
func_0023ab04	-Os
func_0023abe0	-Os
func_0023b074	-Os
func_0023c748	-O2
func_0023ca2c	-O2
func_0023e2a8	-Os
func_0023e308	-Os
func_0023e3a4	-Os
func_0023e9dc	-Os
func_0023ea28	-O1
func_0023ed28	-O2
func_0023f8ac	-O2
func_0023f9b8	-O2
func_0023fb68	-O2
func_0023fd58	-Os
func_00240248	-O2
func_00240960	-Os
func_00240ac0	-Os
func_00241580	-Os
func_00241848	-Os
func_00241ef8	-Os
func_002424b0	-Os
func_002424f0	-Os
func_002428cc	-Os
func_00243e74	-Os
func_00244f90	-Os
func_00245388	-Os
func_00245878	-Os
func_002458c4	-O1
func_00246d7c	-Os
func_00247724	-Os
func_00247a80	-O1
func_00247b28	-Os
func_00247e8c	-Os
func_00247eec	-O1
func_00248114	-Os
func_0024a1d4	-O2
func_0024a3ac	-O2
func_0024c3b0	-Os
func_0024c774	-Os
func_0024c830	-Os
func_0024cdb8	-Os
func_0024cec4	-Os
func_0024d1e0	-Os
func_0024d860	-Os
func_0024df10	-Os
func_0024e04c	-Os
func_0024e110	-Os
func_0024e400	-Os
func_0024e754	-O1
func_0024e770	-O1
func_0024e794	-O2
func_0024eb94	-O2
func_0024f0e8	-Os
func_0024f180	-O2
func_0024f298	-O2
func_0024f2d8	-Os
func_0024f5d8	-Os
func_0024fb58	-O1
func_002501c0	-O2
func_002521bc	-Os
func_00252a7c	-O2
func_002533a8	-Os
func_00253848	-O2
func_00254378	-Os
func_002543fc	-Os
func_00255894	-O1
func_00257c08	-Os
func_00257c4c	-O2
func_00257c7c	-Os
func_00257ef4	-Os
func_00258518	-Os
func_002587e4	-O2 -fno-schedule-insns2
func_00258840	-Os
func_002594a0	-Os
func_00259578	-O2
func_00259a30	-O2
func_00259d9c	-O2
func_00259e4c	-O2
func_0025ac50	-O2
func_0025acf8	-O2
func_0025cbe4	-Os
func_0025d378	-Os
func_0025d7ac	-Os
func_0025f350	-Os
func_00261b6c	-Os
func_00261be8	-Os
func_00261ef0	-Os
func_00262964	-Os
func_0026342c	-O2
func_00263458	-O2
func_00264894	-Os
func_00265178	-Os
func_00265688	-Os
func_00265728	-Os
func_00265bb4	-Os
func_00265f04	-O1
func_002664e0	-O2
func_0026661c	-Os
func_002666e8	-Os
func_00266ac8	-O2
func_0026746c	-Os
func_00267840	-Os
func_0026788c	-Os
func_00267990	-Os
func_00267b40	-Os
func_00267e98	-Os
func_0026828c	-Os
func_00268b04	-Os
func_0026a7dc	-Os
func_0026b064	-Os
func_0026b9d8	-O2
func_0026bcb4	-O1
func_0026bd30	-O2
func_0026bf70	-O1
func_0026e8a4	-O2
func_0026ec04	-O2
func_0026f0c4	-O2
func_0026f240	-O2
func_0026ffb0	-O2
func_0026ffec	-O2
func_002706ac	-O2
func_00270824	-Os
func_002708c0	-Os
func_0027096c	-O2
func_00270ba8	-O2
func_00271974	-O1
func_002725bc	-O2
func_00272754	-O1
func_002727ac	-O2
func_002728a8	-Os
func_00272a50	-O2
func_00272af4	-Os
func_00272e08	-Os
func_00273304	-Os
func_00273970	-O2
func_00274650	-O2
func_002756d8	-Os
func_00276640	-Os
func_00276b2c	-O2
func_00276c30	-O2
func_00279780	-Os
func_00279ddc	-Os
func_0027a99c	-Os
func_0027a9f4	-Os
func_0027b0dc	-O2
func_0027b2ec	-O1
func_0027b308	-O1
func_0027c450	-O2
func_0027c690	-Os
func_0027c79c	-Os
func_0027c7e8	-Os
func_0027c9d8	-Os
func_0027d400	-O2
func_0027e684	-Os
func_0027e6d0	-Os
func_0027e71c	-Os
func_0027e794	-Os
func_0027eaac	-O2
func_0027eb08	-O2
func_0027ebd4	-O2
func_0027f434	-O2
func_0027fd48	-O2
func_0027fe64	-O2
func_0027ff48	-O2
func_002808a4	-Os
func_00282658	-O2
func_00282758	-O2
func_00283f08	-Os
func_00283f58	-Os
func_00284354	-O2
func_00284520	-Os
func_002847dc	-Os
func_00285c54	-O2
func_00285ddc	-O2
func_0028627c	-Os
func_00286304	-Os
func_00286610	-Os
func_002866ac	-Os
func_002866f0	-Os
func_002867e0	-Os
func_0028687c	-Os
func_00286fa8	-Os
func_00287400	-Os
func_0028750c	-O2
func_002881a8	-O2
func_0028853c	-O2
func_00288848	-Os
func_002888b0	-Os
func_00288ab0	-O2
func_00289abc	-O2
func_00289c90	-O2
func_00289e6c	-O2
func_00289ebc	-O2
func_0028a434	-Os
func_0028ac9c	-Os
func_0028b144	-O2
func_0028b21c	-O2
func_0028bc3c	-O2
func_0028bd6c	-O2
func_0028be38	-O2
func_0028f254	-Os
func_0028fae4	-O2
func_0028fb10	-O2
func_0028fdd4	-O2
func_002901e8	-O2
func_00290268	-O2
func_00291154	-Os
func_00291338	-O2
func_00293548	-O2 -fno-optimize-sibling-calls
func_00294820	-Os
func_00294e54	-O2
func_00296360	-O2
func_0029652c	-Os
func_002992c0	-O2
func_002994c0	-Os
func_00299518	-O2
func_00299574	-Os
func_00299a14	-Os
func_00299ba4	-Os
func_00299e6c	-O1
func_00299ebc	-Os
func_00299f60	-O2
func_00299fd4	-O2
func_0029a034	-O2
func_0029a060	-O2
func_0029a08c	-O2
func_0029a0b8	-Os
func_0029a144	-O2
func_0029a188	-Os
func_0029a2b4	-O1
func_0029a2d0	-O1
func_0029a394	-Os
func_0029a3e4	-O2
func_0029a604	-Os
func_0029a66c	-O2
func_0029a6ac	-O2
func_0029a6cc	-O2
func_0029a764	-Os
func_0029a8bc	-O2
func_0029a99c	-O1
func_0029aaa4	-O2
func_0029adcc	-O2
func_0029b0a4	-Os
func_0029b14c	-Os
func_0029b4f4	-O1
func_0029b7f0	-Os
func_0029b844	-O2
func_0029b860	-Os
func_0029b918	-Os
func_0029b944	-Os
func_0029bb10	-Os
func_0029bcc8	-O1
func_0029be00	-O2 -fno-optimize-sibling-calls
func_0029bf18	-O2
func_0029c004	-O1
func_0029c678	-O2
func_0029c6e4	-O2
func_0029c704	-O2
func_0029c724	-O2
func_0029cd3c	-Os
func_0029d0c8	-Os
func_0029d0f8	-Os
func_0029d360	-O2
func_0029e8f4	-Os
func_0029e9b0	-Os
func_0029ea88	-O2
func_0029eabc	-O2
func_0029ec54	-Os
func_0029ece4	-Os
func_0029ed80	-O1
func_002a02a0	-O2
func_002a0b60	-Os
func_002a0d18	-O2
func_002a1734	-Os
func_002a19a4	-O2
func_002a1e74	-Os
func_002a2088	-Os
func_002a209c	-O2
func_002a246c	-O2
func_002a2ac0	-O2
func_002a2d24	-Os
func_002a2d50	-O2
func_002a3200	-O2
func_002a34b0	-O2
func_002a38a0	-Os
func_002a38b8	-Os
func_002a4438	-O3
func_002a4568	-O3
func_002a4578	-O3
func_002a8cd8	-O3
func_002a91e0	-O3
func_002af0c0	-O3
func_002b4378	-Os
func_002b7f30	-Os
func_002b9748	-O1
func_002baed0	-O2
func_002bb480	-Os
func_002c0690	-O3
func_002d0bf0	-O1
func_002d0c10	-O1
func_002d0c30	-O1
func_002d1450	-O1
func_002d36f0	-O1
func_002d4a48	-O2
func_002dbee0	-O1
func_002de1a0	-Os
func_002de830	-Os
func_002e0af8	-O2
func_002e0b88	-O3
func_002e0c20	-Os
func_002e0c30	-Os
func_002e3200	-O2
func_002e3240	-O2
func_002e3f68	-O2
func_002e4110	-O3
func_002e4a08	-O3
func_002e4b58	-O2
func_002e5c38	-O1
func_002e6678	-Os
func_002e7e00	-O2
func_002e7e28	-O3
func_002e7e88	-O3
func_002e8dd8	-O3
func_002e8e78	-O3
func_002e8ed0	-O3
func_002e8f28	-O3
func_002e9ea8	-O2
func_002ea268	-O2
func_002ea540	-O3
func_002ea710	-O1
func_002ead78	-O3
func_002eb188	-Os
func_002eb978	-O3
func_002ebc28	-O3
func_002ec280	-O1
func_002ecb40	-O3
func_002ecb60	-O1
func_002ece68	-Os
func_002ece80	-Os
func_002ecf40	-Os
func_002ecf58	-Os
func_002eefc0	-O2
func_002eeff8	-O1
func_002ef0d8	-O2
func_002efa80	-O3
func_002efcc0	-O1
func_002efe20	-O1
func_002efef8	-O3
func_002f0170	-O3
func_002f0188	-O3
func_002f1488	-Os
func_002f2118	-O3
func_002f56b8	-O1
func_002f59c8	-O3
func_002f78b8	-Os
func_002f78c8	-O3
func_002f78d8	-O3
func_002f7a10	-O2
func_002f7a20	-O3
func_002f7a38	-O3
func_002f8078	-O2
func_002f8ad8	-O3
func_002f8ae8	-Os
func_002f8dc0	-O3
func_002f8f80	-O1
func_002f8fa8	-O1
func_002f9080	-O2
func_002f9448	-O3
func_002f9670	-Os
func_002f9940	-Os
func_002fb2e0	-Os
func_002fb3d8	-O3
func_002fb3e8	-O3
func_002fc100	-O1
func_002fc888	-O3
func_002fc8a0	-Os
func_002fd2b0	-O1
func_002fd350	-O2 -fno-schedule-insns2
func_002fd738	-O1
func_002fddf8	-O1
func_002fe0a8	-Os
func_002fe338	-O1
func_002fe500	-Os
func_002fe868	-Os
func_00300590	-O3
func_003005a8	-Os
func_003005c0	-O3
func_003005d8	-Os
func_003005f0	-O2
func_003013a8	-O1
func_003016e8	-O3
func_00302f00	-O3
func_00302f38	-O3
func_00302f50	-O3
func_00303050	-O3
func_00303068	-O3
func_00303080	-O3
func_00303098	-O3
func_003030d8	-O3
func_003030f0	-O3
func_00303108	-O3
func_00303148	-Os
func_00303820	-O1
func_00303d28	-Os
func_00303e48	-O3
func_00303e60	-O3
func_00303e78	-O3
func_00303e90	-O3
func_00304810	-O1
func_00304e20	-O3
func_00304e30	-O3
func_00304e40	-O3
func_00305a50	-O3
func_00305a60	-O3
func_00305ac0	-O1
func_00305ad0	-O3
func_00305de0	-Os
func_003060f8	-O1
func_00306968	-O3
func_00306978	-O3
func_00306e70	-O3
func_00307908	-O3
func_00307a68	-O3
func_0030c4c8	-O2
func_0030ec78	-O1
func_0030ed50	-O3
func_0030ee98	-O3
func_0030eec0	-O3
func_0030fcd8	-O2
func_0030fcf8	-O1
func_00310448	-O1
func_00310460	-O3
func_00312428	-O3
func_003125d8	-Os
func_00312db8	-O1
func_00312dc8	-O1
func_00312de0	-O3
func_003131e0	-O3
func_00313920	-O1
func_003139d8	-O3
func_003142e8	-O1
func_00319488	-Os
func_00319af8	-O3
func_00319b08	-O3
func_0031a290	-O1
func_0031a3b8	-O2
func_0031a6f0	-O3
func_0031a7a0	-O1
func_0031a9c0	-G0
func_0031cbc8	-G0
func_003217c0	-O3
func_00322278	-O2
func_00323368	-O3
func_00324368	-O2
func_00324398	-O2
func_00324410	-O1
func_00324420	-O1
func_00324e58	-O3
func_00324fc8	-O3
func_00325288	-O1
func_00325c78	-O1
func_00325d00	-Os
func_00326178	-O1
func_00326398	-O3
func_003263e0	-O3
func_003284c8	-O1
func_00328530	-O1
func_0032bf10	-Os
func_0032c058	-Os
func_0032c080	-Os
func_0032c0b8	-Os
func_0032c1b0	-O3
func_0032c1f8	-Os
func_0032c3b8	-O1
func_0032c3f0	-O1
func_0032f008	-O3
func_00330658	-O2
func_00332b78	-Os
func_00332e58	-O2
func_003341b0	-O1
func_003341c0	-O1
func_00335048	-O3
func_00336cd8	-O3
func_0033b9a8	-O2
func_0033c7d8	-O2
func_0033e790	-Os
func_0033f328	-O1
func_00340398	-O3
func_00340eb0	-O3
func_00342c20	-O3
func_00342d58	-O1
func_003434d8	-O3
func_00346738	-O1
func_00346750	-O3
func_00346760	-O3
func_0035da00	-Os
func_0035ee30	-O2
func_0035f5c0	-O2
func_00361978	-O2
func_00365ac8	-O2 -fno-optimize-sibling-calls
func_00366170	-Os
func_00366ee0	-Os
glue_5	-O3
iopldfl_16	-O1
iopldfl_7	-O1
iopsmem_14	-O1
loadcore_7	-O3
sifcmd_30	-O3
sifcmd_6	-Os
